brandName,brandDescription
10 Packs,No description available
20 Acre Farm by Drew Estate,No description available
601 Black Label,No description available
601 Blue Label Maduro,No description available
601 Green Label Oscuro,No description available
601 La Bomba,No description available
601 Orange Label,No description available
601 Red Label Habano,No description available
601 Yellow Label,No description available
ACID,No description available
ACID 20,No description available
ADVentura Barbarroja's Invasion,No description available
ADVentura La Llorona,No description available
ADVentura The Conqueror,No description available
ADVentura The Explorer,No description available
ADVentura The Navigator,No description available
ADVentura The Royal Return Kings Gold,No description available
ADVentura The Royal Return Queens Pearls,No description available
Aganorsa Leaf Aniversario Connecticut,No description available
Aganorsa Leaf Aniversario Corojo,No description available
Aganorsa Leaf Aniversario Maduro,No description available
Aganorsa Leaf Especial,No description available
Aganorsa Leaf La Validacion Connecticut,No description available
Aganorsa Leaf La Validacion Corojo,No description available
Aganorsa Leaf La Validacion Habano,No description available
Aganorsa Leaf La Validacion Maduro,No description available
Aganorsa Leaf Overruns,No description available
Aganorsa Leaf Rare Leaf Reserve,No description available
Aganorsa Leaf Rare Leaf Reserve Maduro,No description available
Aganorsa Leaf Signature Selection Corojo,No description available
Aganorsa Leaf Signature Selection Maduro,No description available
Aganorsa Leaf Supreme Leaf,No description available
Aging Room Pura Cepa,No description available
Aging Room Quattro Maduro,No description available
Aging Room Quattro Nicaragua,No description available
Aging Room Quattro Nicaragua Sonata,No description available
Aging Room Rare Collection,No description available
AJ Fernandez Bellas Artes,No description available
AJ Fernandez Bellas Artes Maduro,No description available
AJ Fernandez Dias De Gloria,No description available
AJ Fernandez Last Call Habano,No description available
AJ Fernandez Last Call Maduro,No description available
AJ Fernandez Small Batch,No description available
AJ Fernandez Small Batch Aniversario,No description available
AJ Fernandez Small Batch Prensado,No description available
Al Capone,No description available
Aladino Cameroon,No description available
Aladino Classic,No description available
Aladino Connecticut,No description available
Aladino Corojo,No description available
Aladino Habano Vintage Selection LE,No description available
Aladino Limited Editions,No description available
Aladino Maduro,No description available
Aladino Sumatra,No description available
Alcazar,No description available
Alec & Bradley Blind Faith,No description available
Alec & Bradley Gatekeeper,No description available
Alec & Bradley Kintsugi,No description available
Alec Bradley,No description available
Alec Bradley 2nds,No description available
Alec Bradley American Classic,No description available
Alec Bradley American Sun Grown,No description available
Alec Bradley Black Market,No description available
Alec Bradley Black Market Esteli,No description available
Alec Bradley Connecticut,No description available
Alec Bradley Double Broadleaf,No description available
Alec Bradley Fine & Rare,No description available
Alec Bradley House Blend Series,No description available
Alec Bradley Magic Toast,No description available
Alec Bradley MAXX Maduro,No description available
Alec Bradley Medalist,No description available
Alec Bradley Mundial,No description available
Alec Bradley New York,No description available
Alec Bradley Occidental Reserve,No description available
Alec Bradley Prensado,No description available
Alec Bradley Prensado Lost Art,No description available
Alec Bradley Project 40,No description available
Alec Bradley Project 40 Maduro,No description available
Alec Bradley Tempus Nicaragua,No description available
Alec Bradley Texas Lancero,No description available
Alec Bradley The Lineage,No description available
Alec Bradley Trilogy,No description available
Alfonso Extra Anejo,No description available
Alfonso Gran Seleccion,No description available
All Saints Dedicacion,No description available
All Saints Solamente,No description available
All Saints St Francis,No description available
All Saints St Francis Colorado,No description available
Ambrosia,No description available
Amendola Core Blend,No description available
Amendola Signature Series,No description available
Angel Cuesta,No description available
Angelenos by God of Fire,No description available
Antonius,No description available
Antonius Connecticut,No description available
Antonius Habano,No description available
Antonius Maduro,No description available
Artisan Tabak,No description available
Artisan Tabak Fuego,No description available
Arturo Fuente,No description available
Arturo Fuente & Padron Legends Collaboration,No description available
Arturo Fuente Aged Selection Opus 6,No description available
Arturo Fuente Anejo Reserva,No description available
Arturo Fuente Casa Fuente,No description available
Arturo Fuente Chateau,No description available
Arturo Fuente Don Arturo Aniversario Destino Al Siglo,No description available
Arturo Fuente Don Carlos,No description available
Arturo Fuente Don Carlos Edicion de Aniversario,No description available
Arturo Fuente Don Carlos Edicion de Aniversario 80th,No description available
Arturo Fuente Hemingway,No description available
Arturo Fuente OpusX,No description available
Arturo Fuente OpusX 20th,No description available
Arturo Fuente OpusX Angels Share,No description available
Arturo Fuente OpusX Forbidden,No description available
Arturo Fuente OpusX Heaven and Earth,No description available
Arturo Fuente OpusX OXO Oro Oscuro,No description available
Arturo Fuente OpusX Story,No description available
Arturo Fuente OpusX The Lost City,No description available
Arturo Fuente Oro Rosado,No description available
Arturo Fuente Rare Pink Vintage 1960's Series,No description available
Arturo Fuente Rosado Sun Grown,No description available
Arturo Fuente Samplers,No description available
Arturo Fuente Sun Grown,No description available
Arturo Fuente Un-Named Reserva,No description available
Ashton Aged Maduro,No description available
Ashton Cabinet,No description available
Ashton Classic,No description available
Ashton Estate Sun Grown,No description available
Ashton Small Cigars,No description available
Ashton Symmetry,No description available
Ashton VSG,No description available
Asylum 13,No description available
Asylum 13 Medulla Oblongata,No description available
Asylum 13 Medulla Oblongata Maduro,No description available
Asylum Limited Series,No description available
Asylum PCA Exclusive,No description available
Asylum Schizo,No description available
Atabey,No description available
Atlantic Cigar,No description available
Avanti,No description available
AVO Classic,No description available
AVO Heritage,No description available
AVO Limited Edition,No description available
AVO Samplers,No description available
AVO Syncro Caribe,No description available
AVO Syncro Nicaragua Fogata,No description available
AVO Syncro Nicaragua Series,No description available
AVO Syncro South America RITMO,No description available
AVO XO,No description available
Baccarat Havana Selection,No description available
Bandolero Serie A Aventureros,No description available
Bandolero Serie C Clandestinos,No description available
Bandolero Serie T Traficantes,No description available
Black Label Trading Co. Deliverance Porcelain,No description available
Black Label Trading Co. Last Rites,No description available
Black Label Trading Co. Lawless,No description available
Black Label Trading Co. Limited Edition,No description available
Black Label Trading Co. Royalty,No description available
Black Label Trading Co. Salvation,No description available
Black Label Trading Co. Santa Muerte,No description available
Black Works Studio,No description available
Black Works Studio Limited Edition,No description available
Blackened By Drew Estate,No description available
Bona Vita Dolce (Sweets),No description available
Bona Vita Maduro,No description available
Bona Vita Natural,No description available
Boveda,No description available
Brick House Double Connecticut,No description available
Brick House Maduro,No description available
Brick House Natural,No description available
Buffalo Ten,No description available
Bugatti,No description available
Butera Vintage,No description available
Byron 1850,No description available
Byron 19th Century,No description available
Byron 20th Century,No description available
Byron 21st Century,No description available
Cabaiguan,No description available
Cain,No description available
Cain Daytona,No description available
Cain Nub,No description available
Caldwell 22 Minutes to Midnight,No description available
Caldwell Anastasia,No description available
Caldwell Blind Man's Bluff Connecticut,No description available
Caldwell Blind Man's Bluff Habano,No description available
Caldwell Blind Man's Bluff Limited Cabinet,No description available
Caldwell Blind Man's Bluff Limited Edition,No description available
Caldwell Blind Man's Bluff Maduro,No description available
Caldwell Blind Man's Bluff Nicaragua,No description available
Caldwell Eastern Standard,No description available
Caldwell Eastern Standard Sungrown,No description available
Caldwell Long Live The King,No description available
Caldwell Long Live The King by AJF,No description available
Caldwell Long Live The King Maduro,No description available
Caldwell Long Live The Queen,No description available
Caldwell Lost & Found,No description available
Caldwell Lost & Found Cigar Dojo,No description available
Caldwell Midnight Express,No description available
Caldwell Savages,No description available
Caldwell The King Is Dead,No description available
Caldwell The King Is Dead by AJF,No description available
Caldwell The Last Tsar,No description available
Caldwell Yellowcake,No description available
Calibre of Geneve,No description available
Camacho Broadleaf,No description available
Camacho Connecticut,No description available
Camacho Connecticut BXP,No description available
Camacho Corojo BXP,No description available
Camacho Corojo Natural,No description available
Camacho Diploma,No description available
Camacho Ecuador,No description available
Camacho Ecuador BXP,No description available
Camacho Factory Overruns,No description available
Camacho Factory Unleashed,No description available
Camacho LegendArio,No description available
Camacho Liberty,No description available
Camacho Nicaragua,No description available
Camacho Nicaraguan Barrel-Aged,No description available
Camacho Samplers,No description available
Camacho Scorpion Connecticut,No description available
Camacho Scorpion Fumas,No description available
Camacho Scorpion Sun Grown,No description available
Camacho Triple Maduro Bold,No description available
CAO 60 Torque,No description available
CAO Amazon Basin,No description available
CAO America,No description available
CAO Arcana,No description available
CAO Bones,No description available
CAO Brazilia,No description available
CAO BX3,No description available
CAO Cameroon,No description available
CAO Colombia,No description available
CAO Consigliere,No description available
CAO Flathead,No description available
CAO Flathead Steel Horse,No description available
CAO Flathead V19,No description available
CAO Flathead V21,No description available
CAO Flavours,No description available
CAO Flavours Bella Vanilla,No description available
CAO Flavours Cherrybomb,No description available
CAO Flavours Eileens Dream,No description available
CAO Flavours Gold Honey,No description available
CAO Flavours Moontrance,No description available
CAO Gold Label,No description available
CAO Italia,No description available
CAO Maduro,No description available
CAO Mx2,No description available
CAO Pilon,No description available
CAO Pilon Anejo,No description available
CAO Samplers,No description available
CAO Session,No description available
CAO Vision,No description available
Carlos & Maria Amorio,No description available
Casa Cuba by Fuente,No description available
Casa Fernandez Arsenio Oro,No description available
Casa Fernandez Buena Cosecha Corojo,No description available
Casa Fernandez Guardian of the Farm,No description available
Casa Fernandez Guardian of the Farm Cerberus,No description available
Casa Fernandez Guardian of the Farm Night Watch,No description available
Casa Fernandez Miami,No description available
Casa Fernandez Miami Reserva Corojo,No description available
Casa Fernandez Miami Reserva Maduro,No description available
Casa Magna Colorado,No description available
Casa Magna Domus Magnus,No description available
Casa Magna XV Anniversary,No description available
Cavalier Geneve Black Series BII Viso Jalapa,No description available
Cavalier Geneve Black Series II,No description available
Cavalier Geneve Black Series USA,No description available
Cavalier Geneve Inner Circle,No description available
Cavalier Geneve Inner Circle Domaine Rouge,No description available
Cavalier Geneve Limited Edition,No description available
Cavalier Geneve Prospektor,No description available
Cavalier Geneve Tres Delincuentes Connecticut,No description available
Cavalier Geneve Tres Delincuentes Habano,No description available
Cavalier Geneve Tres Delincuentes Maduro,No description available
Cavalier Geneve White Series,No description available
Charter Oak Habano,No description available
Charter Oak Maduro,No description available
Charter Oak Pasquale,No description available
Charter Oak Pegnataro,No description available
Charter Oak Shade,No description available
Cigar Dojo Reviver by Aganorsa Leaf,No description available
Cigar Minder,No description available
Cigar Oasis,No description available
Cigar Republic,No description available
CigarMedics,No description available
Cohiba Black,No description available
Cohiba Blue,No description available
Cohiba Connecticut,No description available
Cohiba Macassar,No description available
Cohiba Nicaragua,No description available
Cohiba Red Dot,No description available
Cohiba Riviera,No description available
Cohiba Royale,No description available
Cohiba Serie M,No description available
Cohiba Weller,No description available
Cojimar,No description available
Colibri,No description available
Collectables,No description available
Commodore Cigars,No description available
Craftsman's Bench,No description available
Crowned Heads CHC Reserve XVIII,No description available
Crowned Heads CHC Serie E,No description available
Crowned Heads Four Kicks,No description available
Crowned Heads Four Kicks Capa Especial,No description available
Crowned Heads Four Kicks Maduro,No description available
Crowned Heads Headley Grange,No description available
Crowned Heads Jericho Hill,No description available
Crowned Heads Juarez,No description available
Crowned Heads La Coalicion,No description available
Crowned Heads La Imperiosa,No description available
Crowned Heads La Vereda,No description available
Crowned Heads Las Calaveras EL,No description available
Crowned Heads Le Careme,No description available
Crowned Heads Le Patissier,No description available
Crowned Heads Luminosa,No description available
Crowned Heads Mil Dias,No description available
Crowned Heads Samplers,No description available
Crowned Heads Special Editions,No description available
Cuban Stock Chubbys,No description available
Cuban Stock Royal Selection,No description available
Cuesta Rey Centenario,No description available
Cuesta Rey Centro Fino Sun Grown,No description available
Curivari Achilles,No description available
Curivari Achilles Heroicos,No description available
Curivari Achilles Invensibles,No description available
Curivari Achilles La Lliada,No description available
Curivari Achilles Mirmidones,No description available
Curivari Buena Ventura,No description available
Curivari Buena Ventura Cremas,No description available
Curivari Buena Ventura Dimensiones,No description available
Curivari Buena Ventura Maduro,No description available
Curivari Buena Ventura Picadores,No description available
Curivari Buena Ventura Pralines,No description available
Curivari El Gran Rey,No description available
Curivari Gloria Leon,No description available
Curivari Gloria Leon Gran Dominio,No description available
Curivari Reserva 1000 Series,No description available
Curivari Reserva Limitada Cafe,No description available
Curivari Reserva Limitada Cafe Noir,No description available
Curivari Reserva Limitada Classica,No description available
Curivari Samplers,No description available
Curivari Seleccion Privada,No description available
Curivari Seleccion Privada Coronations,No description available
Curivari Seleccion Privada Maduro,No description available
Curivari Socrates,No description available
Curivari Sun Grown,No description available
Curivari Sun Grown Maduro,No description available
D'Crossier Golden Blend Refinados,No description available
D'Crossier Golden Blend Reserva,No description available
D'Crossier Seleccion Escogida Lumina,No description available
Dapper Cubo Sumatra,No description available
Dapper Desvalido,No description available
Dapper Desvalido Disla,No description available
Dapper El Borracho Maduro,No description available
Dapper El Borracho Natural,No description available
Dapper La Madrina,No description available
Dapper Limited Edition,No description available
Dapper Madrina Shade,No description available
Dapper Siempre Rosado,No description available
Dapper Siempre Sun Grown,No description available
Davidoff,No description available
Davidoff 702 Series,No description available
Davidoff Aniversario Series,No description available
Davidoff Assorted Samplers,No description available
Davidoff Cigarillos,No description available
Davidoff Colorado Claro,No description available
Davidoff Dominicana,No description available
Davidoff Escurio,No description available
Davidoff Grand Cru Series,No description available
Davidoff Limited Editions,No description available
Davidoff Master Selection,No description available
Davidoff Millennium Series,No description available
Davidoff Nicaragua 10th Anniversary Limited Edition,No description available
Davidoff Nicaragua Series,No description available
Davidoff Royal Series,No description available
Davidoff Signature Series,No description available
Davidoff Small Batch,No description available
Davidoff Winston Churchill,No description available
Davidoff Winston Churchill Limited Edition,No description available
Davidoff Winston Churchill The Late Hour,No description available
Davidoff Yamasa Series,No description available
De Nobli,No description available
Deadwood By Drew Estate,No description available
Decision,No description available
Delicioso Cabinet Selection,No description available
Delicioso Elevation by Cuban Stock,No description available
Delicioso Flavored by Cuban Stock,No description available
Diamond Crown,No description available
Diamond Crown Black Diamond,No description available
Diamond Crown Julius Caeser,No description available
Diamond Crown Maximus,No description available
Diesel Fools Errand,No description available
Diesel Whiskey Row by AJ Fernandez,No description available
Diesel Whiskey Row Sherry Cask,No description available
Dominican Supreme,No description available
Dominican Supreme Habano,No description available
Don Eradio Premium Overruns,No description available
Don Julio Punta Espada,No description available
Don Pepin Garcia 15th Anniversary L.E.,No description available
Don Pepin Garcia 20th Anniversary LE 2023,No description available
Don Pepin Garcia Blue Label,No description available
Don Pepin Garcia Blue Label Maduro,No description available
Don Pepin Garcia Cuban Classic Black,No description available
Don Pepin Garcia Series JJ,No description available
Don Pepin Garcia Series JJ Maduro,No description available
Don Tomas Clasico,No description available
Drew Estate,No description available
Drew Estate Factory Smokes,No description available
Drew Estate Freestyle Live,No description available
Drew Estate Natural (Larutan),No description available
Dunbarton Tobacco & Trust,No description available
E.P. Carrillo Allegiance by Oliva,No description available
E.P. Carrillo Cardinal Impact,No description available
E.P. Carrillo Core Plus Maduro,No description available
E.P. Carrillo Core Plus Natural,No description available
E.P. Carrillo Dusk,No description available
E.P. Carrillo Encore,No description available
E.P. Carrillo Inch,No description available
E.P. Carrillo Inch Nicaragua,No description available
E.P. Carrillo La Historia,No description available
E.P. Carrillo New Wave Connecticut,No description available
E.P. Carrillo Original Rebel,No description available
E.P. Carrillo Pledge,No description available
E.P. Carrillo Pledge of Allegiance,No description available
E.P. Carrillo Short Run 2023,No description available
E.P. Carrillo The Retro Short Run,No description available
Eiroa by Christian Eiroa,No description available
Eiroa CBT Maduro,No description available
El Baton,No description available
El Centurion,No description available
El Centurion H-2K-CT,No description available
El Gueguense The Wise Man,No description available
El Gueguense The Wise Man Maduro,No description available
El Laguito Cigars,No description available
El Pulpo by Artesano Del Tobacco,No description available
El Rey Del Mundo,No description available
El Rey del Mundo by AJ Fernandez,No description available
El Septimo,No description available
El Septimo The 7 Collection,No description available
El Septimo The Emperor Collection,No description available
El Septimo The Sacred Arts Collection,No description available
El Septimo The Zaya Collection,No description available
Emilio Cigars AF1,No description available
Emilio Cigars AF2,No description available
Emilio Cigars Grimalkin,No description available
Emilio Cigars Limited Edition,No description available
Emilio Cigars Papa Joe,No description available
Enclave Broadleaf by AJ Fernandez,No description available
Enclave Habano by AJ Fernandez,No description available
Equus Cigar Accessories,No description available
Erik Espinosa 20th Anniversary,No description available
Espinosa Crema,No description available
Espinosa Especial,No description available
Espinosa Habano,No description available
Espinosa Knuckle Sandwich,No description available
Espinosa Las 6 Provincias,No description available
Espinosa Wasabi,No description available
Esteban Carreras Cashmere,No description available
Esteban Carreras Chupacabra 10th Anniversary,No description available
Esteban Carreras Chupacabra Habano,No description available
Esteban Carreras Chupacabra Hellcat,No description available
Esteban Carreras Chupacabra Maduro,No description available
Esteban Carreras Devil's Hand,No description available
Esteban Carreras Devil's Hand Maduro,No description available
Esteban Carreras Mr. Brownstone Habano,No description available
Esteban Carreras Mr. Brownstone Maduro,No description available
Esteban Carreras Unforsaken,No description available
Esteli Premium Overruns,No description available
Estella by Espinosa,No description available
Euforia Edicion Especial,No description available
Euforia Nicaraguan Luxury,No description available
Factory Direct Bundles Connecticut Valley,No description available
Factory Direct Bundles Habano Maduro,No description available
Factory Direct Bundles Sun Grown Corojo,No description available
Factory Throwouts,No description available
Family X Loyalty Fenrir,No description available
Family X Loyalty Freki,No description available
Family X Loyalty Geri,No description available
Family X Loyalty Hati,No description available
Family X Loyalty Skoll,No description available
Farmer's Select Nicaraguan,No description available
Ferio Tego,No description available
Firecracker,No description available
Firstland International,No description available
Flor De D'Crossier Selection 512,No description available
Flor de Las Antillas 10th Anniversary,No description available
Flor de las Antillas By My Father,No description available
Flor de las Antillas Maduro By My Father,No description available
Fonseca by My Father,No description available
Fratello & Cigar Dojo,No description available
Fratello Arlequin Prensado,No description available
Fratello Bianco,No description available
Fratello Camo,No description available
Fratello Classico,No description available
Fratello Limited Editions,No description available
Fratello Lunar,No description available
Fratello Navetta,No description available
Fratello Navetta Inverso,No description available
Fratello Oro,No description available
Fratello Pennsylvania,No description available
Fratello Sorella,No description available
Fratello Vice Versa Limited Edition,No description available
Freud Cigar Co. AlterEgo,No description available
Freud Cigar Co. Limited Edition,No description available
Freud Cigar Co. Superego,No description available
G.A.R. American Standard by Gran Habano,No description available
God of Fire Aniversario,No description available
God of Fire Carlito,No description available
God of Fire Don Carlos,No description available
God of Fire KKP Special Reserve,No description available
God of Fire Serie B,No description available
GR Specials Red Label,No description available
Gran Habano 20th Anniversary,No description available
Gran Habano 3 SLS,No description available
Gran Habano Blue In Green,No description available
Gran Habano Connecticut #1,No description available
Gran Habano Corojo #5,No description available
Gran Habano Corojo #5 Maduro,No description available
Gran Habano Gran Reserva #5 2010,No description available
Gran Habano Gran Reserva #5 2011,No description available
Gran Habano Gran Reserva #5 2012,No description available
Gran Habano Habano #3,No description available
Gran Habano La Conquista,No description available
Gran Habano Persian King,No description available
Gran Habano Persian Queen,No description available
Gridiron Limited Edition,No description available
Griffin's,No description available
Gurkha,No description available
Gurkha Assassin,No description available
Gurkha Beast,No description available
Gurkha Beauty,No description available
Gurkha Blendmaster's Cask,No description available
Gurkha Bourbon Collection,No description available
Gurkha Cask Blend,No description available
Gurkha Cellar Reserve 12 Year Platinum,No description available
Gurkha Cellar Reserve 15 Year,No description available
Gurkha Cellar Reserve 18 Year Edicion Especial,No description available
Gurkha Cellar Reserve 21 Year,No description available
Gurkha Cellar Reserve Limitada 15 Year,No description available
Gurkha Coleccion Especial,No description available
Gurkha Ghost,No description available
Gurkha Gran Reserve Cognac,No description available
Gurkha Nicaragua Series,No description available
Gurkha Private Select,No description available
Gurkha Pure Evil,No description available
Gurkha Royal Challenge,No description available
Gurkha Royal Reserve Cognac,No description available
Gurkha Special Edition,No description available
Gurkha Treinta 30th Anniversary,No description available
H. Upmann 175th Anniversary,No description available
H. Upmann 1844 Classic,No description available
H. Upmann 1844 Special Edition Barbier,No description available
H. Upmann by AJ Fernandez,No description available
H. Upmann Connecticut,No description available
H. Upmann Herman's Batch The Banker,No description available
H. Upmann Hispaniola by Jose Mendez,No description available
H. Upmann Nicaragua AJ Fernandez Heritage,No description available
H. Upmann The Banker,No description available
H. Upmann Vintage Cameroon,No description available
Henry Clay Cigars,No description available
Henry Clay War Hawk,No description available
Herrera Esteli Habano,No description available
Herrera Esteli Maduro,No description available
Herrera Esteli Miami,No description available
Herrera Esteli Norteno,No description available
Hf Barcelona,No description available
Highclere Castle Edwardian,No description available
Highclere Castle Senetjer by Foundation,No description available
Highclere Castle Victorian,No description available
Hiram & Solomon CHABAL,No description available
Hiram & Solomon Curamus,No description available
Hiram & Solomon Entered Apprentice,No description available
Hiram & Solomon Fellow Craft,No description available
Hiram & Solomon Grand Architect,No description available
Hiram & Solomon Live To Serve,No description available
Hiram & Solomon Master Mason,No description available
Hiram & Solomon Revival,No description available
Hiram & Solomon Samplers,No description available
Hiram & Solomon Shriner,No description available
Hiram & Solomon The Sublime Prince,No description available
Hiram & Solomon Traveling Man,No description available
Honduran Habanos Bundles,No description available
House Blend Nicaraguan,No description available
House Blend Series H,No description available
House Handmades,No description available
Hoyo De Monterrey,No description available
Hoyo De Monterrey Excalibur,No description available
Hoyo De Monterrey Excalibur Cameroon,No description available
Hoyo De Monterrey Excalibur Dark Knight,No description available
Hoyo De Monterrey The Illusione of Excalibur,No description available
Hoyo La Amistad Black by AJ Fernandez,No description available
Hoyo La Amistad Gold By AJ Fernandez,No description available
Hoyo La Amistad Silver By AJ Fernandez,No description available
HVC 10th Anniversary,No description available
HVC 500 Aniversario,No description available
HVC Black Friday,No description available
HVC Cerro Maduro,No description available
HVC Cerro Natural,No description available
HVC Edicion Especial 2015,No description available
HVC Edicion Especial 2018,No description available
HVC First Selection Broadleaf,No description available
HVC Hot Cake,No description available
HVC Hot Cake Golden Line Connecticut,No description available
HVC La Rosa 520 Maduro,No description available
HVC La Rosa 520 Rare of Rare,No description available
HVC Pan Caliente,No description available
HVC San Isidro,No description available
HVC Seleccion No.1 Habano,No description available
HVC Seleccion No.1 Maduro,No description available
HVC Serie A,No description available
HVC Vieja Cosecha,No description available
Illusione Allegria,No description available
Illusione Cigares Prive,No description available
Illusione Cruzado,No description available
Illusione ECCJ,No description available
Illusione Epernay,No description available
Illusione Exclusive PCA,No description available
Illusione Fume D'Amour,No description available
Illusione G Gigantes,No description available
Illusione Garagiste,No description available
Illusione Haut 10,No description available
Illusione Jeremy Pivens Collection,No description available
Illusione La Grande Classe,No description available
Illusione OneOff,No description available
Illusione Original Documents Candela,No description available
Illusione Original Documents Corojo,No description available
Illusione Original Documents Habano,No description available
Illusione Original Documents Maduro,No description available
Illusione R Rothchildes,No description available
Illusione Singulare,No description available
Illusione Singulare Origen,No description available
Illusione Ultra,No description available
Indian Motorcycle Habano,No description available
Integra Boost Humidification,No description available
Isla Del Sol,No description available
Isla Del Sol Maduro,No description available
Island Jim by Oscar,No description available
J. Fuego 777 Corojo,No description available
J. Fuego 777 Maduro,No description available
J. Fuego 777 Zero,No description available
J. Fuego Americana,No description available
J. Fuego Cigar Co. One & Done,No description available
J. Fuego Connoisseur,No description available
J. Fuego Gran Reserva Corojo #1,No description available
J. Fuego Origen Maduro,No description available
J. Fuego Origen Natural,No description available
J. Fuego Pennsylvania Broadleaf,No description available
J. Fuego Royal Nicaraguan,No description available
J. Fuego Sangre de Toro,No description available
J. Fuego Small Batch Series,No description available
J. London Gold Series,No description available
J. London Telephone Booth Series,No description available
J. London The Ripper,No description available
J.C. Newman,No description available
Jaime Garcia Reserva Especial,No description available
Java Cigars by Drew Estate,No description available
Java Mint Cigars by Drew Estate,No description available
Java Red by Drew Estate,No description available
JetLine Lighters,No description available
JFR Connecticut,No description available
JFR Corojo,No description available
JFR Lunatic,No description available
JFR Maduro,No description available
Joya De Nicaragua Antano 1970,No description available
Joya De Nicaragua Antano Connecticut,No description available
Joya De Nicaragua Antano Dark Corojo,No description available
Joya De Nicaragua Antano Gran Reserva,No description available
Joya De Nicaragua Black,No description available
Joya De Nicaragua Cabinetta Series,No description available
Joya de Nicaragua Cinco Decadas,No description available
Joya De Nicaragua Cuatro Cinco,No description available
Joya de Nicaragua Dos Cientos,No description available
Joya De Nicaragua Numero Uno,No description available
Joya De Nicaragua Red,No description available
Joya De Nicaragua Silver,No description available
Juan Lopez,No description available
K by Karen Berger Connecticut,No description available
K by Karen Berger Habano,No description available
K by Karen Berger Maduro,No description available
Koks & Rojas,No description available
Kristoff 685 Woodlawn,No description available
Kristoff Connecticut,No description available
Kristoff Corojo Limitada,No description available
Kristoff Criollo,No description available
Kristoff GC Signature Series,No description available
Kristoff Kristania,No description available
Kristoff Kristania Maduro,No description available
Kristoff Ligero Criollo,No description available
Kristoff Ligero Maduro,No description available
Kristoff Maduro,No description available
Kristoff Pistoff,No description available
Kristoff San Andres,No description available
Kristoff Sumatra,No description available
Kristoff Vengeance,No description available
Kung Pow by Casa Fernandez,No description available
L'Atelier,No description available
L'Atelier Racine,No description available
L'Atelier Roxy,No description available
L'Atelier Selection Speciale,No description available
La Aroma De Cuba,No description available
La Aroma De Cuba Connecticut,No description available
La Aroma De Cuba Edicion Especial,No description available
La Aroma De Cuba Mi Amor,No description available
La Aroma De Cuba Noblesse,No description available
La Aroma de Cuba Pasion,No description available
La Aroma de Cuba Reserva,No description available
La Aurora 115th Anniversary,No description available
La Aurora Preferidos,No description available
La Aurora Preferidos Hors D’Age LE,No description available
La Barba One & Only,No description available
La Barba Purple,No description available
La Barba Red Cigars,No description available
La Barba Siempre,No description available
La Flor Dominicana 1994,No description available
La Flor Dominicana Air Bender,No description available
La Flor Dominicana Air Bender Maduro,No description available
La Flor Dominicana Cabinet Maduro,No description available
La Flor Dominicana Cameroon Cabinet,No description available
La Flor Dominicana Colorado Oscuro,No description available
La Flor Dominicana Coronado,No description available
La Flor Dominicana Double Claro,No description available
La Flor Dominicana Double Ligero,No description available
La Flor Dominicana LG Diez,No description available
La Flor Dominicana LG Small Batch,No description available
La Flor Dominicana Ligero,No description available
La Flor Dominicana Ligero Cabinet Oscuro,No description available
La Flor Dominicana Limited Edition,No description available
La Flor Dominicana Little Cigars,No description available
La Flor Dominicana N.A.S.,No description available
La Flor Dominicana Oro,No description available
La Flor Dominicana Reserva Especial,No description available
La Flor Dominicana Samplers,No description available
La Flor Dominicana Suave,No description available
La Galera 1936 Box Pressed,No description available
La Galera Anemoi,No description available
La Galera Connecticut,No description available
La Galera Habano,No description available
La Galera Imperial Jade,No description available
La Galera Limited Edition,No description available
La Galera Maduro,No description available
La Genovese,No description available
La Gloria Cubana,No description available
La Gloria Cubana 8th Street,No description available
La Gloria Cubana Criollo De Oro,No description available
La Gloria Cubana Esteli,No description available
La Gloria Cubana Medio Tiempo,No description available
La Gloria Cubana Serie R,No description available
La Gloria Cubana Serie R Black,No description available
La Gloria Cubana Serie R Black Maduro,No description available
La Gloria Cubana Serie R Esteli,No description available
La Gloria Cubana Serie R Esteli Maduro,No description available
La Gloria Cubana Serie S,No description available
La Gloria Cubana Society Cigar,No description available
La Gloria Cubana Spanish Press,No description available
La Gloria Cubana Spirit of the Lady,No description available
La Hoja Edicion Maduro 1962,No description available
La Jugada Claro Connecticut,No description available
La Mia,No description available
La Mission du L'Atelier,No description available
La Riqueza,No description available
La Tribu,No description available
La Unica Cabinet Selection,No description available
La Vieja Habana Connecticut,No description available
La Vieja Habana Corojo,No description available
La Vieja Habana Maduro,No description available
Laranja Azulejo by Espinosa,No description available
Laranja Reserva by Espinosa,No description available
Laranja Reserva Escuro by Espinosa,No description available
Lars Tetens,No description available
Le Virtu,No description available
Leaf by Oscar 10th Anniversary,No description available
Leaf by Oscar Cigars,No description available
Liga Privada 10 Aniversario,No description available
Liga Privada H99 Connecticut Corojo,No description available
Liga Privada No. 9,No description available
Liga Privada Samplers,No description available
Liga Privada T52,No description available
Liga Privada Unico Serie,No description available
Liga Undercrown Connecticut Shade,No description available
Liga Undercrown Maduro,No description available
Liga Undercrown Sun Grown,No description available
Liga Undercrown UC10 Maduro,No description available
Lords of England,No description available
Los Caidos by Aganorsa Leaf,No description available
Los Hermanos Bronze Maduro - AJ Fernandez,No description available
Los Hermanos Silver Habano - AJ Fernandez,No description available
Lotus,No description available
Macanudo 1968,No description available
Macanudo Cafe,No description available
Macanudo Gold Label,No description available
Macanudo Inspirado Black,No description available
Macanudo Inspirado Brazilian Shade,No description available
Macanudo Inspirado Green,No description available
Macanudo Inspirado Orange,No description available
Macanudo Inspirado Red,No description available
Macanudo Inspirado White,No description available
Macanudo M,No description available
Macanudo M Bourbon,No description available
Macanudo M Espresso,No description available
Macanudo Maduro,No description available
Macanudo Vintage 2006,No description available
Macanudo Vintage 2010,No description available
Macanudo Vintage Maduro 1997,No description available
Makers Mark Cigars,No description available
Marzio by Parodi,No description available
Matilde Limited Exposure,No description available
Matilde Oscura,No description available
Matilde Quadrata,No description available
Matilde Renacer,No description available
Matilde Serena,No description available
Meerapfel Meir,No description available
Meerapfel Richard,No description available
Menelik by Foundation Cigar Co.,No description available
Metapa Claro by Foundation,No description available
Metapa Maduro by Foundation,No description available
Metropolitan Selection Host,No description available
Mexican Segundos,No description available
Mi Querida,No description available
Mi Querida Black,No description available
Mitchellero,No description available
Moist-N-Aire,No description available
Monte by Montecristo,No description available
Montecristo 1935 Anniversary Edición Diamante,No description available
Montecristo 1935 Anniversary Nicaragua,No description available
Montecristo Artisan Series L.E.,No description available
Montecristo Cincuenta Limited Edition,No description available
Montecristo Classic Collection,No description available
Montecristo Epic,No description available
Montecristo Epic Vintage 12,No description available
Montecristo Espada,No description available
Montecristo Espada Oscuro,No description available
Montecristo Grupo De Maestro,No description available
Montecristo Nicaragua by A.J. Fernandez,No description available
Montecristo NY Connoisseur Edition,No description available
Montecristo Original,No description available
Montecristo Platinum,No description available
Montecristo White Label,No description available
Montesino,No description available
Muestra De Saka,No description available
Murcielago by Espinosa,No description available
Muwat,No description available
Muwat Kentucky Fire Cured,No description available
My Cuban Wheel Liga I,No description available
My Cuban Wheel Liga II,No description available
My Cuban Wheel Samplers,No description available
My Father,No description available
My Father Connecticut,No description available
My Father Don Pepin Vintage Edition,No description available
My Father Garcia y Garcia,No description available
My Father La Antiguedad,No description available
My Father La Gran Oferta,No description available
My Father La Opulencia,No description available
My Father La Promesa,No description available
My Father Le Bijou 1922,No description available
My Father Le Bijou 1922 100 Anos,No description available
My Father The Judge,No description available
Nat Sherman,No description available
New Cuba By Casa Fernandez,No description available
New Cuba Superior Connecticut,No description available
New World Cameroon by AJ Fernandez,No description available
New World Connecticut by AJ Fernandez,No description available
New World Dorado by AJ Fernandez,No description available
New World Oscuro by AJ Fernandez,No description available
New World Puro Especial by AJ Fernandez,No description available
Nica Rustica Broadleaf by Drew Estate,No description available
Nica-Cubano XV's,No description available
Nicaraguan Overruns,No description available
Nub Cameroon,No description available
Nub Connecticut,No description available
Nub Dub,No description available
Nub Habano,No description available
Nub Maduro,No description available
Nub Nuance Double Roast,No description available
Nub Nuance Single Roast,No description available
Nub Nuance Triple Roast,No description available
Odyssey Coffee,No description available
Odyssey Connecticut,No description available
Odyssey Habano,No description available
Odyssey Maduro,No description available
Odyssey Sweet Tip,No description available
Ohana Pulse Habano,No description available
Oliva,No description available
Oliva Atlantic Cigar 20th Aniversario,No description available
Oliva Connecticut Reserve,No description available
Oliva Flor De Oliva Bundles,No description available
Oliva Gilberto Oliva Reserva,No description available
Oliva Gilberto Oliva Reserva Blanc,No description available
Oliva Master Blend 3,No description available
Oliva Master Blend 3 Maduro,No description available
Oliva Serie G Cameroon,No description available
Oliva Serie G Maduro,No description available
Oliva Serie O,No description available
Oliva Serie O Maduro,No description available
Oliva Serie V,No description available
Oliva Serie V 135th Anniversary,No description available
Oliva Serie V Maduro,No description available
Oliva Serie V Melanio,No description available
Oliva Serie V Melanio Maduro,No description available
Oliva Small Batch,No description available
Oliveros Gran Retorno,No description available
Olmec Claro by Foundation,No description available
Olmec Maduro by Foundation,No description available
Omar Ortez Maduro,No description available
Omar Ortez Originals,No description available
One-N-Done Nicaraguan Batch,No description available
Onyx Reserve,No description available
Oscar Valladares 10th Anniversary,No description available
Oscar Valladares 2012 Edition,No description available
Oscar Valladares Alter Q,No description available
Oscar Valladares Ciseron Edition,No description available
Oscar Valladares Heaven & Hell,No description available
Oscar Valladares McFly,No description available
Oscar Valladares Plan B,No description available
Oscar Valladares Raw Dog,No description available
Oscar Valladares Super Fly,No description available
Oscar Valladares The Oscar Connecticut,No description available
Oscar Valladares The Oscar Habano,No description available
Oscar Valladares The Oscar Maduro,No description available
Oscar Valladares Wild Hunter,No description available
Ozgener Family Cigar Aramas,No description available
Ozgener Family Cigar Bosphorus,No description available
Ozgener Family Cigar Limited Editions,No description available
Padron,No description available
Padron 1926 Series,No description available
Padron 1964 Anniversary,No description available
Padron Black,No description available
Padron Damaso,No description available
Padron Family Reserve,No description available
Padron Limited Editions,No description available
Panter,No description available
Pappy Van Winkle Tradition,No description available
Partagas,No description available
Partagas 1845 Clasico,No description available
Partagas 1845 Extra Oscuro,No description available
Partagas Anejo Limited Edition,No description available
Partagas Black Label,No description available
Partagas Heritage,No description available
Partagas Legend,No description available
Partagas Limited Reserve Decadas,No description available
Partagas Ramon Y Ramon,No description available
Patina 5th Anniversary,No description available
Patina Connecticut,No description available
Patina Habano,No description available
Patina Maduro,No description available
Patina Sumatra,No description available
Patriot,No description available
Paul Garmirian 15th Anniversary,No description available
Paul Garmirian 20th Anniversary L.E.,No description available
Paul Garmirian 25th Anniversary,No description available
Paul Garmirian 30th Anniversary,No description available
Paul Garmirian Gourmet Series,No description available
Paul Garmirian Passion,No description available
Paul Garmirian Reserva Exclusiva,No description available
Perdomo,No description available
Perdomo 10th Anniversary Champagne,No description available
Perdomo 10th Anniversary Maduro,No description available
Perdomo 10th Anniversary Sungrown,No description available
Perdomo 20th Anniversary Connecticut,No description available
Perdomo 20th Anniversary Maduro,No description available
Perdomo 20th Anniversary Sungrown,No description available
Perdomo 30th Anniversary Connecticut,No description available
Perdomo 30th Anniversary Maduro,No description available
Perdomo 30th Anniversary Sun Grown,No description available
Perdomo Double Aged 12 Year Vintage,No description available
Perdomo Fresco Bundles,No description available
Perdomo Habano Bourbon Barrel Aged Connecticut,No description available
Perdomo Habano Bourbon Barrel Aged Maduro,No description available
Perdomo Habano Bourbon Barrel Aged Sungrown,No description available
Perdomo Inmenso Maduro,No description available
Perdomo Inmenso Sungrown,No description available
Perdomo Limited Cameroon Edition,No description available
Perdomo Lot 23 Connecticut,No description available
Perdomo Lot 23 Maduro,No description available
Perdomo Lot 23 Sun Grown,No description available
Perdomo Mini Cigarillos,No description available
Perdomo Small Batch Series Connecticut,No description available
Perdomo Small Batch Series Maduro,No description available
Perdomo Small Batch Series Sun Grown,No description available
Perla Del Mar Corojo,No description available
Perla Del Mar Maduro,No description available
Perla Del Mar Shade,No description available
Pigtail Factory Leftovers,No description available
Plasencia Alma Del Campo,No description available
Plasencia Alma Del Fuego,No description available
Plasencia Alma Fuerte,No description available
Plasencia Cosecha 146,No description available
Plasencia Cosecha 149,No description available
Plasencia Cosecha 151,No description available
Plasencia Ehtëfal,No description available
Plasencia Reserva Original,No description available
Plasencia Small Batch Corojo,No description available
Plasencia Year of the Rabbit,No description available
Plasencia Year of the Tiger,No description available
Polpetta by Dunbarton Tobacco & Trust,No description available
Primitivo Habano,No description available
Prometheus,No description available
Protocol Blue,No description available
Protocol Official Misconduct Silver,No description available
Protocol Probable Cause Red,No description available
Protocol Themis Gold,No description available
Punch,No description available
Punch Aniversario,No description available
Punch Deluxe,No description available
Punch Diablo by AJ Fernandez,No description available
Punch Fu Manchu,No description available
Punch Gran Puro,No description available
Punch Gran Puro Nicaragua,No description available
Punch Rare Corojo,No description available
Punch Signature,No description available
Quality Imports,No description available
Quesada Manolo Quesada 75th Anniversary,No description available
Quorum,No description available
Quorum Havana Q,No description available
Quorum Maduro,No description available
Quorum Shade,No description available
Rabbit Air,No description available
Ramon Allones by AJ Fernandez,No description available
Red Meat Lovers by Dunbarton Tobacco & Trust,No description available
Regius Black Label,No description available
Regius Exclusivo USA Blue Oscuro Especial,No description available
Regius Exclusivo USA Red,No description available
Regius Reserva,No description available
Regius Small Batch Series,No description available
Regius The Rare Orchant Limited,No description available
Reinado Grand Apex,No description available
Rock-A-Feller Gold Series,No description available
Rock-A-Feller Habano White,No description available
Rock-A-Feller Limited Editions,No description available
Rock-A-Feller Maduro Red,No description available
Rocky Patel,No description available
Rocky Patel 20th Anniversary,No description available
Rocky Patel A.L.R.,No description available
Rocky Patel A.L.R. 2nd Edition,No description available
Rocky Patel Cigar Smoking World Championship,No description available
Rocky Patel Dark Star,No description available
Rocky Patel DBS,No description available
Rocky Patel Decade,No description available
Rocky Patel Disciple,No description available
Rocky Patel Edge,No description available
Rocky Patel Edge 20th Anniversary,No description available
Rocky Patel Edge Candela,No description available
Rocky Patel Edge Connecticut,No description available
Rocky Patel Edge Nicaraguan Edition,No description available
Rocky Patel Edge Sumatra,No description available
Rocky Patel Edicion Unica,No description available
Rocky Patel Fifty,No description available
Rocky Patel Fifty-Five,No description available
Rocky Patel Grand Reserve,No description available
Rocky Patel Hamlet 25th Year,No description available
Rocky Patel Hamlet Liberation,No description available
Rocky Patel Hamlet Tabaquero,No description available
Rocky Patel LB1,No description available
Rocky Patel Number 6,No description available
Rocky Patel Olde World Reserve Corojo,No description available
Rocky Patel Olde World Reserve Maduro,No description available
Rocky Patel Platinum Limited Edition,No description available
Rocky Patel Quarter Century,No description available
Rocky Patel Royale,No description available
Rocky Patel Sixty,No description available
Rocky Patel Small Batch,No description available
Rocky Patel Special Edition,No description available
Rocky Patel Sun Grown,No description available
Rocky Patel Sun Grown Bundles,No description available
Rocky Patel Sun Grown Maduro,No description available
Rocky Patel Tavicusa,No description available
Rocky Patel Vintage 1990,No description available
Rocky Patel Vintage 1990 Bundles,No description available
Rocky Patel Vintage 1992,No description available
Rocky Patel Vintage 1992 Bundles,No description available
Rocky Patel Vintage 2003,No description available
Rocky Patel Vintage 2003 Bundles,No description available
Rocky Patel Vintage 2006,No description available
Rocky Patel Vintage CT 1999,No description available
Rocky Patel Vintage CT 1999 Bundles,No description available
Rocky Patel White Label,No description available
Rocky Patel Winter Collection 2020,No description available
Rojas Bluebonnets,No description available
Rojas Breakfast Tacos,No description available
Rojas KSG Limited Edition,No description available
Rojas Statement,No description available
Rojas Street Tacos Barbacoa,No description available
Rojas Street Tacos Carnitas,No description available
Rojas Unfinished Business,No description available
RoMa Craft Baka,No description available
RoMa Craft CroMagnon,No description available
RoMa Craft CroMagnon Aquitaine,No description available
RoMa Craft Intemperance BA XXI,No description available
RoMa Craft Intemperance EC XVIII,No description available
RoMa Craft Intemperance Volstead VO 1920,No description available
RoMa Craft Intemperance Whiskey Rebellion 1794,No description available
RoMa Craft Limited Edition,No description available
RoMa Craft Neanderthal,No description available
Romeo Y Julieta 1875,No description available
Romeo Y Julieta Book of Love,No description available
Romeo Y Julieta Envy,No description available
Romeo Y Julieta Eternal,No description available
Romeo Y Julieta Reserva Real,No description available
Romeo Y Julieta Reserva Real Nicaragua,No description available
Romeo Y Julieta Reserve,No description available
Romeo Y Julieta Romeo,No description available
Romeo Y Julieta Romeo San Andres,No description available
Romeo Y Julieta Vintage,No description available
Rustico Habano,No description available
Rustico Habano Maduro,No description available
S.T. Dupont,No description available
Saga Short Tales,No description available
Saint Luis Rey Carenas,No description available
Saint Luis Rey Natural Broadleaf,No description available
Saint Luis Rey Reserve Especial,No description available
Saint Luis Rey Series G,No description available
Samplers,No description available
San Cristobal,No description available
San Cristobal Elegancia,No description available
San Cristobal Quintessence,No description available
San Cristobal Revelation,No description available
San Lotano Connecticut,No description available
San Lotano Dominicano,No description available
San Lotano Habano,No description available
San Lotano Maduro,No description available
San Lotano Small Batch Connecticut,No description available
San Lotano Small Batch Habano,No description available
San Lotano Small Batch Maduro,No description available
San Lotano The Bull,No description available
Sarsaparilla by Espinosa Cigars,No description available
Sencillo Black by God of Fire,No description available
Sencillo Platinum by God of Fire,No description available
Serino Bygone,No description available
Serino Elenor Rose,No description available
Serino Royale 2021 Connecticut,No description available
Serino Royale 2021 Maduro XX,No description available
Serino Royale 2021 Medio,No description available
Serino The Expat,No description available
Serino Wayfarer,No description available
Simon Rojas 32nd Anniversary,No description available
Sin Compromiso,No description available
Sobremesa,No description available
Sobremesa Brulee,No description available
Spanish Galleon Classic,No description available
Spanish Galleon Corojo,No description available
Spanish Galleon Maduro,No description available
Spanish Galleon Ninas,No description available
Stillwell Star,No description available
Stinky Ashtray,No description available
Stolen Throne Call to Arms,No description available
Stolen Throne Crook of the Crown,No description available
Stolen Throne III Kingdoms,No description available
Stolen Throne Limited Editions,No description available
Stolen Throne Yorktown Fleet,No description available
Surrogates by L'Atelier,No description available
Tabacos Baez Serie SF,No description available
Tabak Especial,No description available
Taconic Distillery,No description available
Taino,No description available
Taino Heritage,No description available
Talavera Edicion Exclusiva 2nd Edition by AJ,No description available
Talavera Edicion Exclusiva 2nd Edition by Oliva,No description available
Tatiana Classic,No description available
Tatiana Miniatures,No description available
Tatiana Sweet Trio,No description available
Tatuaje 10th Anniversary,No description available
Tatuaje 15th Anniversary,No description available
Tatuaje 20th Anniversary,No description available
Tatuaje Avion,No description available
Tatuaje Black Label,No description available
Tatuaje Broadleaf Reserva,No description available
Tatuaje Brown Label,No description available
Tatuaje Cohetes,No description available
Tatuaje El Triunfador Cigars,No description available
Tatuaje Fausto,No description available
Tatuaje Havana VI,No description available
Tatuaje Havana VI Verocu Blue,No description available
Tatuaje Havana VI Verocu Red,No description available
Tatuaje La Verite Vintage 2013,No description available
Tatuaje Limited Release,No description available
Tatuaje Mexican Experiment,No description available
Tatuaje Miami,No description available
Tatuaje Monster Series,No description available
Tatuaje Negociant Monopole,No description available
Tatuaje Nuevitas,No description available
Tatuaje Series P,No description available
Tatuaje Tattoo,No description available
The Summer Sausage,No description available
The T Connecticut by AJ Booth Caldwell,No description available
The T Habano by AJ Booth Caldwell,No description available
The T Maduro by AJ Booth Caldwell,No description available
The Tabernacle Broadleaf,No description available
The Tabernacle Havana Seed CT No. 142,No description available
The Upsetters,No description available
Timeless Supreme,No description available
Tita Connecticut,No description available
Tita Sun Grown,No description available
Todos Las Dias,No description available
Torrisi,No description available
Toscano Cigars,No description available
Trader Jack's Aromatic,No description available
Trinidad Espiritu,No description available
Trinidad Espiritu Series No. 2,No description available
Tuscarora Cigars,No description available
Umbagog,No description available
Vallejuelo Cigars,No description available
Vallejuelo Medio Tiempo,No description available
VegaFina Limited Editions,No description available
Vegas Cubanas By My Father,No description available
Vertigo by Lotus,No description available
Viaje,No description available
Viaje Anniversary,No description available
Viaje Atlantic Cigar 25th Anniversary,No description available
Viaje Birthday Blend,No description available
Viaje Black & White,No description available
Viaje Cache,No description available
Viaje Chicharrones,No description available
Viaje Circa '45,No description available
Viaje Circa 45 Reserva Maduro,No description available
Viaje Craft Series,No description available
Viaje Exclusivo,No description available
Viaje Friends & Family,No description available
Viaje Full Moon,No description available
Viaje Holiday Blend,No description available
Viaje Honey & Hand Grenades,No description available
Viaje Japanese Edition,No description available
Viaje Juntos,No description available
Viaje Late Harvest,No description available
Viaje Oro,No description available
Viaje Pepper Series,No description available
Viaje Pina,No description available
Viaje Platino,No description available
Viaje Private Keep,No description available
Viaje Satori,No description available
Viaje Skull & Bones,No description available
Viaje Summer Series,No description available
Viaje Summerfest,No description available
Viaje Super Shot,No description available
Viaje Thanksgiving,No description available
Viaje White Label Project,No description available
Viaje Zombie,No description available
VIP Members,No description available
Visol,No description available
Viva La Vida by AJ Fernandez,No description available
Warped Bits of Havana,No description available
Warped Cabinet Seleccion,No description available
Warped Chinchalle,No description available
Warped Cloud Hopper,No description available
Warped Companion,No description available
Warped Corto,No description available
Warped Don Reynaldo,No description available
Warped Eagles Descent,No description available
Warped El Oso,No description available
Warped Flor Del Valle,No description available
Warped Futuro,No description available
Warped La Colmena,No description available
Warped La Hacienda,No description available
Warped La Relatos,No description available
Warped Maestro Del Tiempo,No description available
Warped Moon Garden,No description available
Warped Moon Garden Especial,No description available
Warped Nicotina,No description available
Warped Seleccion Domain 4546,No description available
Warped Serie Gran Reserva,No description available
Warped Sky Moon,No description available
Warped The Devil's Hands,No description available
Warped Upper Realm,No description available
Warped Venture 1492,No description available
Warped Villa Sombra,No description available
West Tampa Tobacco Co. Attic Series,No description available
West Tampa Tobacco Co. Black,No description available
West Tampa Tobacco Co. Red,No description available
West Tampa Tobacco Co. White,No description available
Xikar,No description available
Yagua by JC Newman,No description available
Yaya,No description available
Zino Cigarillos,No description available
Zino Nicaragua,No description available
Zino Platinum Crown Series,No description available
Zino Platinum Scepter,No description available
Zippo,No description available
